,A1-P1,A2-P2,A3-P3,A4-P4,A5-P5,A6-P6,A7-P7,A8-P8,A9-P9,A10-P10,A11-P11,A12-P12,A13-P13,A14-P14,A15-P15,A16-P16,A17-P17,A18-P18,A19-P19,A20-P20,A21-P21,A22-P22,A23-P23,A24-P24,A25-P25,A26-P26,A27-P27,A28-P28,A29-P29,A30-P30,A31-P31,A32-P32,A33-P33,A34-P34,A35-P35,A36-P36,A37-P37,A38-P38,A39-P39,A40-P40,A41-P41,A42-P42,A43-P43,A44-P44,A45-P45,A46-P46,A47-P47,A48-P48,A49-P49,A50-P50,A51-P51,A52-P52,A53-P53,A54-P54,A55-P55,A56-P56,A57-P57,A58-P58,A59-P59,A60-P60,A61-P61,A62-P62,A63-P63,A64-P64,A65-P65,A66-P66,A67-P67,A68-P68,A69-P69,A70-P70,A71-P71,A72-P72,A73-P73,A74-P74,A75-P75,A76-P76,A77-P77,A78-P78,A79-P79,A80-P80,A81-P81,A82-P82,A83-P83,A84-P84,,
Text1,2.114631486,2.309647125,1.442043936,1.663636803,2.018014313,1.110228225,1.085914192,1.925793964,2.015651995,1.255881193,1.556506176,2.136572899,1.701234815,1.334331825,1.821461569,2.271583196,1.506871444,1.129124433,1.651021346,2.228310933,1.742548216,1.076339152,1.657542758,1.251995273,2.138934109,1.708728564,1.365070657,1.839249772,1.130453576,1.288857113,1.647421488,1.522810122,2.18386969,1.122757283,0.930213631,1.052344595,1.975915338,2.020812675,1.486603809,1.538674466,1.572170965,1.269122505,2.108768624,0.913642684,1.623487573,1.452950002,2.242338864,1.468897859,1.560262458,2.253698587,1.143781246,1.528070309,1.184924408,1.494876825,1.072164021,1.166297571,1.672917425,1.507753388,1.631851537,1.613451035,2.075929285,1.770999945,2.035149748,1.602743338,2.017572601,2.075877552,1.471563786,1.61061019,0.987743728,2.127767785,2.272199209,2.253561825,1.662308293,1.723649393,2.047706739,1.553440551,1.750298659,0.939286436,2.024873807,1.907841238,2.091783967,1.008799659,1.160375896,1.088361901,max,2.340296453
Text2,1.783260107,1.642613362,1.575523968,2.130168035,1.02069865,2.20170869,1.310585631,2.183996892,1.342068677,1.958702043,1.000060691,1.428571617,1.205609241,2.22744596,2.26248364,1.546858794,0.967844228,1.414280507,1.937593457,1.682649352,2.157226516,1.896757278,1.132171534,2.068280626,1.968766111,2.240171192,1.44911582,1.767245032,1.886153893,1.827480371,1.573957944,0.925495851,1.860630665,2.296594555,0.982553253,1.775530152,2.053323,2.190894812,1.018505256,2.162323818,1.310746333,1.922714377,2.196472193,1.914929468,1.45365145,2.181769655,2.254912912,1.265512017,2.19324935,0.997885232,1.43364677,0.968039229,1.735859907,1.006998362,0.921809822,1.526627792,2.175694244,2.043423329,1.876160806,1.974039178,1.503996875,2.188286151,1.719688479,1.981312429,2.094008313,2.209529413,1.591384366,2.051434248,2.130423782,1.878897763,1.123171654,1.0488019,1.15873882,0.950486981,2.142348234,1.035433944,1.838052457,1.670675584,1.850859174,1.028037267,1.840917582,0.984726538,1.479943362,1.980858833,min,0.900385717
Text3,1.836760212,1.44174849,1.971393908,1.765043017,1.292682744,2.267808908,0.925722763,1.534103574,1.776617535,2.183480297,1.934040907,2.226531892,1.130893111,1.677713343,1.31254172,1.897779991,1.62429498,2.232749678,1.572224866,1.359672692,0.939778926,2.119676593,1.347814207,1.571605853,1.161058173,2.083653976,1.441555191,1.217143504,1.454217332,1.008422044,1.336963505,1.423019595,2.231755974,2.06544246,1.409796328,1.099078393,1.366271499,0.985447476,1.830230955,1.720578796,1.005593269,1.919903296,2.194188259,1.283525713,1.616756928,1.250658671,0.972482003,1.566196558,0.936331597,2.021902481,1.506805115,1.961752268,1.190517038,1.785448968,1.556175503,0.956311739,1.794528965,1.859388892,2.228977494,2.270679053,1.753336228,1.659775356,2.216877345,1.633328885,2.250849073,1.92845409,1.051117727,2.110158912,1.933878432,2.297266004,1.26796899,1.132710827,1.676792394,1.291105216,1.430229828,2.204110855,2.234353839,1.242054052,2.001490845,1.002960711,1.604981337,1.375996278,1.0542999,1.296989615,,
Text4,1.981114172,1.026437328,2.212845346,1.814101665,1.937282578,1.050603449,1.170804188,1.712278423,1.217709899,1.319808146,1.291598955,1.486310104,1.094285829,1.917465248,2.268979559,2.074216297,1.236653927,1.176329272,1.910750963,1.223319661,0.9296138,0.980065329,1.834602492,0.998132513,1.914821398,1.555339102,1.40218298,1.28909937,1.153132417,0.980563313,1.136908615,1.695554737,1.953432507,1.314059787,2.231815395,1.868945733,2.295480527,1.198803217,1.235285523,1.035239397,2.242903761,1.095838432,0.917600534,2.092470389,1.161722556,2.090304743,1.64919273,2.020407201,1.690918528,1.857456763,1.451456282,0.918276078,1.238300657,1.64102516,1.244442209,1.005753352,2.090292832,1.788111699,2.133591532,0.981289522,2.066081466,1.299792069,1.63787872,1.181315484,1.709000842,1.121218933,1.434183186,1.322261318,1.688052747,1.209792416,1.24588124,1.685899145,1.877430505,1.705966778,1.174847149,2.076422826,1.090450637,1.884448204,1.667133408,2.238946928,2.123115648,1.307775145,2.299945914,2.009950069,,
Text5,2.069020016,1.67831334,2.180489902,1.592095922,0.977068336,1.857364343,1.957452732,1.274045724,1.635040364,1.457192106,1.210898264,1.715794391,1.509166412,0.913299722,1.738528526,2.139467466,1.497471988,1.808953316,1.180174198,2.094353402,0.915791374,1.63750573,1.802297017,1.125096711,0.928392508,0.910569804,1.959203156,1.291082053,1.910932251,1.772967492,1.696681174,2.207364708,1.040956726,1.549669797,1.79394757,1.221158924,1.307236276,1.051376536,1.873260755,1.673254446,1.537901746,2.133544846,1.654706505,2.049060011,1.278811561,1.84962992,1.203900455,1.824950861,2.010515611,1.962908962,2.119513549,1.520105894,1.421502885,1.392397722,1.647196865,1.117531902,1.444441004,1.795257032,1.624613874,1.639011823,2.241368266,1.476978182,2.11451081,1.487175715,1.096661657,0.956136249,1.78105482,1.311888355,1.003413476,1.253985471,2.280760807,1.240832771,1.232332419,2.137445808,1.408430621,1.621558334,1.092756204,1.74202785,1.327221353,2.227793317,1.267971267,1.238944675,1.127617216,2.006959255,,
Text6,1.910779539,1.43510548,2.096662478,1.277382625,1.068292784,1.685081202,2.101820145,1.487953058,2.03013305,1.01465739,2.02023998,1.262520475,1.368223158,1.911982298,2.127183231,1.788984322,1.452458375,1.481605203,1.845120338,1.641146735,1.630291863,2.251428593,1.935231873,0.953087542,2.096851641,1.317189565,0.947727517,2.052695469,2.246151979,1.664663743,1.729066154,2.275191788,1.020488672,1.777206322,1.378390367,1.662262848,1.151419471,1.644145819,1.291083485,1.489611505,1.913828531,2.182414477,1.521573278,2.010546588,1.535190103,1.506902989,2.24912487,1.298361015,1.137863134,1.006017341,2.224443482,2.26039489,1.564009458,2.194367393,1.077334469,0.981289075,1.628682839,1.033767758,1.578936263,2.108835022,1.293843264,0.985651464,2.027882217,1.674773937,1.447171959,0.907601077,2.142355417,1.216314116,1.435734328,2.029537927,1.662093062,1.885308693,1.498759933,1.548376292,1.891770584,1.117497351,2.20906453,2.008246941,1.177544273,1.268074503,1.811640586,1.85619092,1.44262618,1.016726098,,
Text7,1.952830821,1.219288353,0.961418877,2.129352694,1.549025024,1.31757218,1.711963975,2.196501184,1.769001423,1.679380751,1.074487105,1.889183501,1.916187962,2.141446128,1.322488602,1.507058734,1.488730544,1.784416591,1.876000298,1.907800551,1.821594498,0.981638065,0.942703947,1.270339919,1.113501342,1.202288044,1.78631747,1.446910834,1.76802987,1.881228833,1.686332427,1.063949699,0.940768019,2.194081367,1.269160735,1.268655783,1.122420303,1.504587696,1.395851388,1.081644267,2.090415553,1.727838622,1.630447051,2.293008436,2.198907352,1.894452816,1.631071802,1.376872938,2.221478422,2.288420403,1.837533835,2.002306036,1.871544697,2.213643423,1.537973305,1.366258606,1.617975699,1.741651822,1.26684588,1.741087539,2.089029592,0.931619443,1.577030473,1.459121505,1.058572378,1.718504304,1.735750777,1.682952862,0.922418622,1.612401156,1.620846236,1.714763624,2.03613227,2.246759797,1.871640717,0.963781295,1.738700123,1.303304111,2.070883187,2.122842926,1.254713354,1.907624754,1.225306031,1.166685457,,
Text8,1.881645267,1.66992794,1.346306889,2.258048584,1.449332668,2.074454283,2.200700459,1.652519332,1.65175664,1.730092536,1.847357747,0.942406662,1.85689065,2.150927098,1.6036052,1.557902159,1.471965274,1.385921821,1.138722352,2.184819695,0.913666349,1.92425113,0.918799921,1.322541814,1.816099217,1.49763325,2.037399699,1.82730724,0.975567947,1.560792656,1.241206386,1.144211013,0.928229847,2.130156993,1.473356036,1.210937735,1.939208851,1.57208397,1.907134036,1.397377099,2.296341801,1.17453001,1.026952137,2.286119332,2.024988647,1.593124773,1.474626727,1.836953942,1.922788543,1.563458391,1.405284382,2.257992911,0.911174382,1.897358795,1.803828839,1.95467305,1.580536347,1.677514382,2.15442222,2.232665578,1.234894204,1.520510667,1.766311748,1.817720225,1.11181174,1.358127722,1.510961073,1.142857207,1.721101683,1.846826369,1.032413232,2.134934445,0.927842509,1.423025735,2.015340074,2.228575477,2.15891149,1.792095291,2.263355142,1.112779848,1.982789625,1.973086769,1.008141375,1.742167254,,
Text9,1.290532006,2.16348965,1.839062465,1.297233259,1.736671893,1.359384323,1.67163303,1.553113682,1.195656136,2.076991736,2.168576316,1.133170392,1.585327268,2.079716182,1.356091093,2.031966813,2.037389691,2.197781383,0.905301231,1.363825452,1.76368222,1.196003677,1.384071891,1.945434173,1.204564598,1.43846276,1.414798203,1.344616939,2.152044505,0.907135956,1.292707532,1.040196651,1.416534708,1.361517635,1.663140578,1.567224437,1.469787398,1.255758748,1.557296629,1.88948643,0.906848806,2.197076599,1.15558427,2.183156303,1.18165463,2.245573153,0.946401923,2.231472395,1.760593238,1.212629078,1.278495257,1.579513246,1.132454842,2.234529188,2.051854773,1.53046927,1.516175341,1.918346041,1.806081326,0.959865526,1.915022902,1.304406367,1.128289701,1.295301497,2.096231116,1.564044065,2.02939939,1.155915215,1.490891105,1.056700967,1.703131532,1.075117985,2.296105377,1.11796159,0.975396202,1.919747367,1.987041104,1.459748175,1.376931423,2.134148661,1.072230874,1.215887674,1.070305838,1.706359542,,
Text10,1.42890165,1.128569216,1.028116975,1.539664892,1.618200938,1.410812635,1.441042036,1.266177504,2.260115174,1.623927282,1.679992398,1.470182392,1.354857855,1.533597003,1.339886837,1.793058801,1.221163621,2.070663309,1.627559642,1.487928817,1.876302134,0.915211909,1.274806104,1.896367453,1.342983375,1.246298801,1.069508299,1.936300463,1.726452967,1.814790901,1.626192456,2.239198061,1.50650537,1.983514197,1.524460833,1.371293969,2.156582003,1.949018964,1.708930803,1.952338486,1.043087976,0.942960638,1.503986692,1.582793406,1.365106657,2.054954867,1.595514284,1.986751403,1.041488013,2.25959767,2.29635134,1.40589856,1.444466776,2.081036872,1.340595753,1.827100481,0.986499269,2.258062103,2.117767612,2.035052703,1.434263325,1.739821162,1.594970652,1.873382465,1.978155988,1.259084704,1.656916601,1.10084268,1.691696712,1.823007638,1.25637317,2.228387842,1.305974511,1.778153933,1.290133752,2.012207287,0.949339131,1.786382548,1.985958795,1.453672713,1.084316255,1.759323729,1.058897009,1.929619391,,
Text11,2.078554847,1.265631514,2.215426955,0.964414402,1.077284489,2.182914326,1.063165651,1.270457794,1.400876796,1.033697115,2.175825508,1.42412456,1.236738243,0.95908595,1.624859054,1.620965221,1.994144822,1.074627136,1.393579119,1.607738319,2.273889102,1.201480012,1.506674842,1.399004127,1.496663408,1.869359113,2.025452247,1.903929313,2.180652844,1.605607338,2.06409115,1.980304014,1.373851313,1.577084571,2.294128138,2.229800369,2.205016369,1.67395507,1.833854968,1.417169917,2.258585277,1.128491755,1.495023747,1.916061811,1.497661639,2.118671362,1.126616742,1.139958619,2.165916221,1.493789459,1.540720717,1.782059194,1.182422683,2.291315998,1.446395669,2.025376367,1.974207168,1.840962831,2.086125149,2.010701022,1.756932281,1.767904457,1.859492816,1.254326668,1.990185436,0.978622176,1.054024861,1.389690306,1.275819895,0.932313754,2.286981158,1.881170976,2.012398912,1.587773557,1.774066429,1.210896439,1.642399559,1.201972013,1.278112022,1.145527982,1.178849913,1.424227095,1.167082558,1.217798884,,
Text12,1.126240369,1.409190847,1.164331546,1.417541244,1.619724408,1.924981161,2.189172901,1.654121994,1.991226015,2.257770725,1.281746948,2.051202182,2.234241983,1.967030801,2.046647662,2.218265085,1.451361982,2.152007118,2.154181523,2.042083017,2.090251792,1.776854758,2.038056949,1.289466972,1.043259981,0.975315067,1.291178622,1.361554773,1.695936769,1.977771865,1.423652007,1.624930255,1.606755341,2.105042976,2.012974319,1.412903371,1.545310926,1.721650618,1.340086627,1.423226846,1.626167021,1.261127639,1.042707402,1.787812232,2.075656152,1.64087775,1.091226101,1.602384267,1.063849559,2.116179247,1.114873637,1.420257307,1.924914625,1.027043342,1.234452794,1.312777814,1.134707959,1.86526178,2.164803262,1.23212046,2.267504545,1.767446076,1.831275578,1.540746581,1.79221968,1.869246441,1.691370967,1.757509321,2.138895561,2.25311234,1.547821713,1.870217332,1.121971456,1.363943618,1.943165725,1.828734835,1.412929048,2.056457727,1.62586742,1.467283945,1.694511267,1.365816951,0.950013199,1.932539232,,
Text13,2.021000549,1.499824472,1.358926444,1.701927892,2.192673844,1.744719312,1.889243274,1.160580556,1.677413519,1.894763355,1.562205491,1.998621489,1.009144481,0.969575373,1.6728026,1.741387426,1.536372975,1.779487436,1.900720492,1.547095148,1.227218173,1.177877121,1.913929807,2.119686589,0.9097111,1.167190625,1.933344602,1.641060835,1.671902359,2.252190495,1.162484236,0.944543853,2.153251882,1.160951234,2.200526723,1.767685787,1.191861581,1.557669082,1.703137972,2.00038052,1.846018811,2.142737818,2.18310362,1.169746209,1.243878722,1.85729885,1.26254889,1.903094607,1.776047492,1.991816354,2.024079162,0.970428224,1.348587888,1.94857732,1.936725706,1.364337183,1.090071259,1.662400432,2.188611155,1.697350262,2.212378752,1.132512026,1.138520275,1.587947337,1.085626368,1.326513804,2.287011541,1.823385731,1.557360433,1.897914966,1.779626029,1.013777526,1.436652495,1.636644294,0.981231649,1.676687872,0.99858753,1.729687757,1.777794035,1.28615083,1.641412288,1.146477368,2.004123055,2.182415881,,
Text14,2.171784006,1.619165568,2.295692876,1.558909115,1.242338297,1.792784726,1.194822572,1.222124911,1.250610143,1.03927228,2.103492959,1.360475657,2.060383216,0.976913321,1.022226298,1.37824302,2.115343893,1.823124002,1.920087161,1.108949566,1.904103753,1.767663806,1.28668973,1.499217996,1.432874368,1.601562526,2.217897608,1.569074865,1.142314227,1.585045609,2.123541047,1.434352243,2.155683561,1.086588376,1.619971924,2.046630876,2.203847627,0.968859404,2.108941947,1.386448931,1.65768568,1.895981792,2.116353105,1.93155958,1.135674195,1.239013674,1.898786911,1.897331625,1.633119261,2.28171301,1.007623397,1.279525247,0.916806486,1.497378585,1.317984267,1.895542629,1.364965988,1.142662274,2.26680601,1.348208123,1.52791087,1.185075191,1.792703012,1.073228112,1.049372391,1.404094263,1.608856328,2.232643455,2.257664186,1.876409485,1.084116928,1.130470049,1.02763783,1.168136144,0.999338457,2.002162636,2.156029978,1.132502508,0.909554054,1.890113081,1.661404399,1.312834278,1.066504472,2.217815691,,
Text15,1.907275373,1.990314757,1.58373155,1.733695417,1.083059628,0.918506037,1.791124282,1.701072598,1.024993348,2.229039107,1.808462488,1.842747697,2.177425357,1.318237481,1.54534112,0.945719213,1.973717113,1.460208333,0.976144026,1.149491143,1.8863388,1.43495387,1.375905844,1.636490285,1.268113183,1.780556091,1.687304807,2.225677876,1.519988955,1.625279254,1.675309817,0.982262112,1.674802993,0.902392816,1.354760178,1.409389362,1.967432191,1.124623906,1.724178665,1.564693993,1.749382864,2.22937036,1.083021719,1.466869739,1.997307738,1.708000331,1.716452383,1.494177407,1.755117686,1.312403119,2.277118648,1.870877067,1.893484395,1.872792517,1.899872765,1.461546257,2.163529224,1.25513892,1.192104609,1.812756301,1.484280609,1.668162721,1.156206408,1.89522351,1.558359752,2.031076389,1.175142622,1.287065138,2.225950384,1.031654848,1.771705463,1.105935636,1.155341495,1.79194163,1.277778204,2.256755392,0.934512048,2.063468017,1.878931604,1.551977334,1.758907319,2.138654397,1.672183726,1.482347446,,
Text16,1.506079429,1.545456581,2.169693082,2.168652153,0.902805727,1.878904064,2.074622912,1.32267875,2.178449416,1.101517829,1.08879596,2.036261361,0.985574316,1.452235682,1.598066669,1.893286227,2.027713576,1.091807053,1.558861811,2.114304525,1.183756731,1.136446626,1.868608587,1.263908373,0.971941393,1.219770069,2.097969819,1.166688605,1.772186097,1.016457446,2.01344756,1.57915905,1.156556763,1.511190502,2.10662866,1.537158984,1.786431395,2.297869443,1.229852442,2.266299799,1.246763848,1.387540772,1.52402408,1.843894903,2.111392666,1.790718285,1.861763284,2.004290196,0.944127509,1.723827382,1.415278109,1.201828744,1.45822373,2.220197896,2.164086703,1.199551915,2.051030766,1.369311715,1.071525122,1.481794053,1.148907911,2.060143451,1.096581696,1.331799414,1.771826205,2.201991483,1.785936847,1.126683899,2.011775631,2.089021686,1.474605234,2.282494713,1.477793951,1.989815072,1.76594515,1.028582077,2.203861027,1.394479465,2.023066727,1.339910836,1.958245048,1.248457291,1.287559371,1.278892186
Text17,2.057844098,1.994969019,0.952742841,1.367866281,1.597295611,2.074247127,1.030035535,1.216787885,1.453862999,1.773464434,1.997399661,1.825809291,1.769565616,1.998501786,1.254128529,2.168467169,1.289994498,1.193763089,1.230094019,1.170056999,2.070301098,2.07657946,0.965510614,1.967434415,1.939075818,1.43809023,1.710124632,0.929250885,1.936552219,2.299167015,1.159839427,2.01695768,2.121096656,1.021793765,1.845543761,1.162251505,1.916775872,1.743483597,0.994491845,1.400491169,1.15406458,1.757642794,1.826442655,1.04779268,1.062720621,2.221721147,1.736615311,2.268340808,0.900385717,1.144049285,2.019956192,1.780968746,1.84124781,2.18515284,2.238222692,1.781353826,1.361574035,1.916616492,1.609668269,1.991917088,1.238532226,2.150312268,1.080602691,1.465222023,1.014882485,1.86231855,1.148378159,2.145050841,2.159965137,1.780753074,1.986932394,2.040373277,1.624658522,0.95032592,1.902191897,1.003934455,1.621148932,1.441857248,2.258151841,1.570765491,1.899467594,1.99803225,2.22025194,1.952129052
Text18,2.130648223,2.1584024,1.917351579,1.18118006,2.29851262,0.901252861,1.046498669,1.871282995,2.090589175,1.222074348,1.379586324,1.046743104,2.298991628,1.70633549,2.064177853,2.279752729,0.977392177,2.250987166,2.299395868,1.707911491,1.965580667,1.017083108,1.242289582,2.000976171,1.934968275,1.618371096,1.628516708,2.130981266,1.808070728,1.924693053,1.537696714,1.226375689,1.155372806,1.0608894,1.821823431,1.995533343,1.102274244,2.07069686,1.609653061,1.815018557,2.167182277,1.19941638,1.936912498,1.306375113,2.197822412,0.927212223,1.169218145,1.876800584,1.917499573,2.046225423,1.479122969,2.004218739,0.931574722,2.257175307,2.128238233,1.758582709,1.567439599,1.765908231,1.952928711,1.713131612,1.392778209,1.471083031,1.98520744,1.491876311,1.470169724,1.469607344,1.595716464,0.962054984,2.024381579,2.123226509,1.166340734,1.039250833,1.713183312,1.304800429,0.937958999,1.095004769,1.384386393,1.394465859,2.001842052,2.05432524,2.279988153,1.981421185,1.837831549,1.351108722
Text19,1.582825066,1.0683168,2.129861799,1.841738996,1.5230977,1.365219968,1.089537581,1.206672756,2.019282857,1.712209901,1.513467368,1.980475478,2.133822358,1.907064407,1.610837434,1.731022424,0.91895692,1.653651587,2.000308805,1.818725139,1.416475131,1.488020328,1.421504401,2.103266954,2.20150286,1.824971372,2.080107896,1.655065352,1.791119017,0.935550618,1.283517434,2.107014654,1.722831624,2.115811345,1.791345878,1.461841461,0.96696758,2.186978848,1.140969798,2.097856995,2.090595744,2.091281299,1.442670728,1.631998014,0.932414364,1.327386326,1.583204083,1.739383896,1.137097255,1.010856007,1.935512447,1.852132605,2.089900866,2.24941543,1.262021962,1.569916081,1.977028064,1.049245785,1.27877313,2.204556753,2.181346866,1.588581973,1.49559313,1.604204069,0.985121022,1.922841553,1.663192708,1.906609952,1.189500217,1.325990367,1.447756811,2.128226261,1.71239099,0.970915919,1.907132155,1.803363658,1.994293602,1.87706277,1.463118122,1.817632243,1.234627829,1.545555888,1.368109312,1.879323773
Text20,1.526014942,1.949570557,0.932829771,1.379423654,0.929528754,1.231239344,1.598392786,1.22699273,1.249114725,1.349449959,1.961162067,1.198131308,1.12396514,2.017340045,1.323914153,1.186939113,0.933942361,1.69997544,1.330849958,1.933712026,1.693099955,2.158200532,2.240283085,1.71824597,2.29022354,1.28189892,2.086655276,2.273423435,1.389574054,2.201950147,1.06695308,2.128495628,1.520930197,1.411859328,1.884178828,1.464989747,0.94393095,1.114914664,1.219116649,1.187250162,1.69952777,1.171683305,2.253320472,1.070140027,1.755694827,0.974014594,1.908875882,2.21556685,1.09934761,1.72132442,1.987904483,1.449922551,2.270052201,2.135107296,1.503072979,2.295461605,1.644437028,2.006138332,1.321296078,0.931694911,1.20441102,2.010119218,1.021389848,1.32446729,0.94984208,2.24559651,2.222445809,1.960731764,2.217422603,1.634266755,1.907386124,1.060843132,1.658826459,1.394041819,2.127732587,2.292670866,0.963285878,1.653185049,1.127802949,1.329363351,1.741031808,1.169572976,1.478838078,2.282569782
Text21,1.07198111,1.226138797,1.325884925,2.002091838,2.241112333,1.353568257,1.421275556,1.22387787,2.259915314,1.864811207,2.100095549,1.931013444,1.3237091,1.40475718,1.491026687,1.7578741,1.398062062,2.187131835,1.692253526,1.065632328,1.592365097,1.208017698,2.252963277,1.625809979,1.999406547,1.230468933,2.006984117,1.678022906,1.612931302,2.091841932,1.145499671,2.074696608,1.657938558,1.479341782,2.14446931,1.15809253,1.398859623,1.299320664,2.145434193,2.002220863,1.787243249,1.205651237,1.38708351,1.881085361,1.889849727,1.950094612,1.030125851,1.193741513,1.788701346,1.36557889,1.440930605,1.923957091,1.303486669,1.607521426,1.475719725,2.255968654,1.859011203,2.0390192,2.106284766,1.107814105,1.678315582,1.31167563,2.113230767,2.140542035,1.70716609,0.991157693,1.556974748,1.337027237,1.570591914,1.622415357,1.863164052,2.036657719,1.80776197,2.098495793,1.562656002,2.101968891,1.008600266,2.206164136,1.908076461,0.948938093,1.741635405,1.806342523,1.75976728,1.174691718
Text22,1.438440825,1.188483076,1.305188792,2.073105563,2.07900315,1.258107201,1.092510027,2.160938634,1.612520486,1.171842124,2.13157772,1.300800136,1.8972461,1.229108302,2.219591804,1.083103132,1.953318846,2.29042648,0.964148739,1.870988928,2.290466542,1.228608337,1.281190507,1.154219704,1.936329114,1.144301716,1.553918312,1.39456055,1.240305961,1.304213395,2.201785582,1.364177714,1.232066826,1.701009607,2.249914353,0.943036683,2.094044929,2.126114054,0.927584361,0.987135397,1.067032853,1.909729866,1.745142276,2.205795501,1.810178427,1.610070549,1.48376137,1.534580967,1.597356544,2.209567869,1.646599465,1.689257048,2.024809466,0.95938926,2.157956801,1.562254305,1.759796785,1.932470498,1.000392018,2.038053957,1.448542517,1.108015646,1.660923955,1.119480711,1.163980476,1.261251234,1.35734253,1.981178774,1.071183818,1.197530749,1.466617324,1.947609745,1.858402755,1.964331875,2.185100537,1.543227172,1.785614079,1.508675323,1.080574288,0.912550323,1.868090415,0.997074225,1.272807482,1.596201596
Text23,1.96820257,1.948369227,2.039784731,1.04256264,1.072140726,2.182089327,1.38677282,2.054095978,2.124592071,0.906418597,1.828781282,2.231429926,2.289099644,2.242590635,1.58310274,1.061696854,1.647250572,2.136003188,2.153239053,1.904820677,2.168430049,1.208440919,0.958084804,1.246759965,1.8961593,1.318565854,1.139435892,1.425305887,1.125372648,1.744095865,1.758422879,1.324329885,1.188721195,1.845099907,1.589888511,1.66312187,1.575585763,0.967388482,2.251544083,1.830933993,0.997996272,1.338469809,2.139768826,1.591883036,1.915944334,1.860571002,0.969331027,2.130987782,1.651100169,1.040708755,1.363868622,1.481977611,1.261875844,1.992920087,1.027483935,1.246805211,1.56509283,1.453563503,1.837318236,1.574560987,1.846637545,2.131313862,1.22876527,1.661183538,1.44950356,1.677271633,0.94945591,1.510815082,1.800560919,1.071611419,1.679751067,1.131849438,1.71090076,1.59264777,1.667562213,1.848648214,0.996009322,1.201629259,1.833641026,1.291479042,2.29147751,1.675360857,1.261361251,1.332334486
Text24,1.023857496,1.90293988,1.017906745,1.305622543,1.300979162,1.384536505,1.486647059,1.093256806,1.851238124,1.03876189,2.27921121,1.114137538,1.000259419,2.257242011,2.25504878,1.08204165,1.490074957,1.139260613,1.909361992,1.367102977,2.191545616,2.256572429,1.532226294,1.578693922,1.417099153,2.066046384,1.384220174,2.061525687,1.404934682,1.663694624,1.260020416,2.223066022,0.908652897,1.96494784,2.063889161,1.970253571,1.059315068,0.969845909,2.244938176,1.084645832,2.238957083,2.261980458,1.925857013,1.369957235,1.286611539,1.424692278,1.566761246,1.924265791,2.248078428,1.63977692,1.226338913,1.285055902,1.957583518,2.204574927,1.122609296,1.02119506,2.249578588,1.993600124,1.4551625,1.878759797,1.850807857,1.957547012,1.640321066,1.232031281,1.154529078,1.07833291,0.985609257,1.269884629,1.642038369,1.231059584,1.201961269,1.857786697,1.784847569,1.643205034,1.804141573,2.169493748,1.333647019,1.904153678,2.234731817,1.151457379,1.683732376,2.130468567,1.590195483,1.574948129
Text25,1.398764205,1.441886726,2.277706745,1.052555547,2.243120715,2.226811311,1.748509546,1.783973136,0.922801382,1.604246334,1.081465095,1.375020507,1.575064827,1.794871563,1.229292369,1.63450234,1.013879002,1.836711925,0.983893222,1.717515036,2.043038174,1.340270017,1.674699281,2.089210346,1.116495454,0.953097659,1.392949392,1.312913753,1.510329163,1.15792723,2.241330276,1.287415457,1.676924619,1.707745581,1.990449294,1.88667099,1.706407821,2.253138724,1.930003698,1.814544109,1.395186338,2.062644926,2.218209153,2.011721581,1.355631333,0.955144707,0.917652606,1.280934731,1.412087215,2.142956544,1.603375281,1.375787299,1.154303715,1.579172854,1.155603194,0.901340594,2.273495825,1.374048609,1.118467638,1.837625965,2.266257572,1.256345534,1.377186105,0.995235858,1.415282785,1.430642322,2.28633968,1.168528795,1.953787935,1.61892766,1.418031773,1.619453016,2.187526924,1.680898047,1.307462884,1.906989746,1.583385641,2.154253487,1.244759262,1.195928289,1.346271061,0.997563847,1.91967263,1.178884405
Text26,2.013153873,2.231663525,2.228673955,2.033784184,1.343137323,1.910317293,1.529482662,1.855140053,0.993534096,1.803273102,1.932426778,1.309170869,1.77682574,1.176182763,1.475279681,1.766706368,1.630135538,1.186413805,2.018574095,2.094145116,1.954907996,1.921191003,1.473330445,1.983643593,2.256676072,1.712449757,2.237952001,2.105153101,1.997790157,1.986037034,1.743975192,2.066571134,1.772223352,1.830950957,1.092197611,1.111770383,2.040811705,2.030984125,1.705996214,2.228814839,1.462665631,0.996125506,2.073283175,1.250833506,1.799981048,1.87698535,2.176335816,1.597324068,0.952788641,1.997827535,1.893620525,1.794323438,1.547076918,1.591811941,1.494051512,1.670025354,1.074618798,1.106646471,1.421324666,2.147680053,2.260432185,1.315538093,1.476553879,2.283623158,2.149244043,0.945352258,0.969981638,2.097151276,1.457703705,2.233545919,1.183656112,1.762689788,1.82187397,1.885949652,2.007494129,2.082072983,1.386049936,1.813559339,1.322348272,1.088325129,1.604657728,1.298249917,1.629908817,1.415393669
Text27,1.636725755,1.606587597,2.020467971,1.061417753,0.912055341,1.128063213,2.052535633,1.390512808,2.158875477,1.135940764,0.967888813,1.320116259,1.207439489,1.432320436,0.91768166,1.023023231,1.778235194,1.063081359,1.977736056,1.70720134,1.037200984,1.650417136,1.251965738,1.187058263,1.041686075,1.498353947,2.206645178,1.360360735,1.006572553,1.653537846,1.781722959,2.014961763,1.06848072,1.010232917,1.134662402,2.108599784,1.025806481,1.701851537,1.463223059,1.846687241,1.403280557,1.783314603,0.975733505,1.738661971,1.836800411,1.045402071,1.154018256,2.074070777,1.337301982,1.434820996,1.343138996,2.152288426,1.181762535,1.556454245,1.222063471,1.710084198,2.173034707,1.416217943,0.936687551,1.873805868,1.859898661,1.787194219,0.972832103,0.955031607,1.782200165,1.087926929,2.294592836,1.075771414,1.733195831,1.667097863,1.867491153,1.218970214,2.254976871,1.489365474,1.380136844,1.305442102,2.244088137,0.957867331,2.031212864,1.637505382,2.089958718,2.009595182,1.248534296,2.128452703
Text28,1.748343914,1.160118314,1.2173019,2.214400338,1.043453807,1.203823352,1.354227126,1.698768679,1.108574375,1.745589484,1.537357904,1.260162272,1.075331124,1.768915141,2.113248532,2.229425222,2.220412144,1.103032566,1.061332254,1.924067609,2.273508035,1.312793401,1.848900469,1.647013301,2.23051105,1.423180573,1.516720558,1.400725121,1.327084266,1.943456998,2.223141927,1.274362257,1.385360791,2.179018235,1.263157796,1.328641288,0.966052459,1.969148369,1.277080491,0.978954597,1.14854037,1.705808414,1.1829483,2.047197027,2.171548956,1.6364677,1.357693919,1.448960616,1.18474489,1.724687004,1.570328117,1.466970634,1.371737605,1.733027382,1.907211863,1.916921551,2.212640396,1.389063676,1.709274254,1.421428144,1.259693904,2.217832821,1.965446725,1.419508673,1.171931943,0.981603965,1.223329383,1.244942364,1.49753807,1.86489786,1.661793207,1.055896641,2.093607225,2.060909873,1.526909371,1.276173434,1.108799142,1.58631405,2.035914705,1.942248871,1.998800368,1.249275876,1.090767299,1.454814873
Text29,2.125593052,1.045850513,1.372005156,1.653158723,1.903255358,1.477048657,1.225073897,1.691637687,1.508607375,1.469402141,1.792887668,1.782656007,1.985235441,1.192287204,2.089933101,1.741379107,1.816702195,1.797831561,0.915908183,1.056720537,2.016712141,1.202113706,1.153672269,1.533110902,1.095889887,1.322640381,0.987693498,1.635172429,0.975999074,1.045877323,1.597943298,1.592854271,1.034521573,1.099894394,1.063461314,1.021530218,2.02492508,2.271491193,1.399616486,1.91035441,2.123059571,0.965651136,1.75348069,1.819492162,2.084667399,0.914490146,1.345242131,1.016016182,1.918648626,1.942827134,2.111280683,1.260823799,1.505115009,2.099405919,1.138249996,1.699008649,1.341446508,0.919121179,1.975512525,1.127175129,1.629361058,1.066409438,2.066439672,2.204676476,1.556396103,1.508581811,1.0941357,1.137410746,1.673517218,1.537043839,1.492164927,1.972188848,1.839988074,1.667826191,1.492400229,1.319974539,1.143512458,1.366496046,2.050174996,0.933421613,1.631091543,2.206976656,1.275630184,2.030649889
Text30,1.393488434,1.978677283,1.024491644,1.784704974,2.006840412,1.934405598,1.876183442,1.28764916,1.587756798,1.945459965,1.697588375,0.900478114,1.439009335,1.65292458,1.74659899,2.177178484,2.113109388,1.644018015,1.365820926,1.563243882,1.045777015,0.917330983,1.757678461,1.080545947,1.081350785,1.75057083,1.487560633,2.130972483,1.642643451,1.445467974,1.96337386,1.567359077,1.407374402,1.909622082,1.778673047,2.14472043,1.559975204,1.545460506,1.042904951,1.623803388,1.830787329,1.758057373,0.98923418,1.533469488,1.370580488,1.108443707,1.856251382,1.19659619,1.096845002,2.293527632,1.323059358,1.944108517,1.358161144,0.915646997,1.099655314,1.002686846,0.945665596,1.320442877,1.481089807,1.840687572,0.921132921,0.96010816,1.454439395,1.051461132,0.916891527,1.564609545,2.265803915,1.08958642,1.654442624,1.338067573,0.977183173,1.010630747,2.098519606,2.030643818,1.701146455,2.108945032,0.960706557,1.567438379,1.215175014,1.965361914,1.78949129,1.559817489,2.012964298,2.114969722
Text31,1.789608154,1.902094721,1.463607476,1.90245884,1.03848621,1.342746191,2.128771198,1.161461428,1.924457376,1.8844884,1.858698169,1.281122223,1.34876709,1.185375953,1.132873565,1.842181983,1.113088496,1.308014624,2.029094462,0.971993454,2.029342414,2.22398816,2.143785481,1.35827172,2.280524129,1.568181308,0.999556341,1.482318273,1.837755997,1.870565386,1.378218455,1.798825652,1.884370702,1.34176643,1.677702557,1.308251923,1.792078393,2.251899037,1.065911442,1.986025409,1.684915444,1.812100177,2.044937574,0.909271881,1.013853823,1.62533443,2.13324651,2.226805418,1.300447194,2.139924029,1.970915817,1.504916627,1.747651746,1.991271275,2.034149042,1.208280193,1.152985495,1.096563953,1.7274112,1.79325683,1.627058719,1.958169047,2.044009603,1.691532934,1.832890554,1.688617549,1.773176564,1.923840652,1.443613962,1.9802431,1.761883149,1.159672935,2.249985576,1.883082947,1.189818509,1.955207852,1.978353379,1.035256358,1.603876559,1.188860735,1.363359516,0.915446344,1.566839281,1.84472162
Text32,1.038275452,2.002551029,1.966284056,2.075927788,1.238419273,1.877030746,1.723630138,2.001174181,1.406570209,1.270754992,1.836168128,1.690674613,1.783846847,2.011426509,1.736184633,2.154367928,1.321927592,0.996708262,1.24685624,1.708707897,1.674062555,1.228482927,2.243428091,1.197716447,1.298784541,2.286100007,1.265262555,1.160166892,1.9329883,1.808637977,1.877077218,2.282893588,1.223880332,1.159871356,1.997514788,2.015668977,1.15967238,1.591875244,1.827492292,1.359984696,1.842044256,1.534077444,1.790302763,1.017603544,2.032395124,1.489400129,1.048166138,1.232112788,2.012937482,1.503119475,1.441612756,1.151701187,1.668920514,1.167596924,1.24303263,1.343075927,1.583245532,2.126101128,1.208165592,2.208716179,1.701917902,1.179873115,1.16687146,0.94597383,2.26663035,0.982515497,1.020543477,1.319643775,1.95242254,2.200351482,1.985262149,2.167378633,1.775361647,1.432744587,1.674906164,1.837294685,1.98945792,1.615015204,1.393131439,1.479637306,1.925427486,1.780519618,1.394301626,1.068039964
Text33,1.125978357,1.97661953,1.397152256,0.921943884,2.122366608,1.866229448,1.961853102,1.663873067,1.302068435,0.971639479,1.216598261,1.336281962,1.60067027,1.228855061,1.343059077,1.055131762,1.801123232,1.054029929,1.561014327,1.974955198,1.141317376,1.177440968,1.482570509,2.086769177,2.134658157,1.752836052,1.204781362,1.370190707,1.119769819,1.0748729,1.773616228,0.994788649,0.98820714,2.091070704,1.9268712,0.997657605,1.307185318,0.933119298,1.425809587,1.04748173,1.511611484,1.027753147,2.130550706,1.983933826,1.000012836,1.616297809,2.294910616,2.114147238,1.513064883,1.4517952,1.16916849,0.91365319,2.221933351,1.109986946,2.118798617,1.089066619,1.238021992,2.28324467,1.640378551,2.118248891,2.19668471,1.905627384,1.461267306,1.503180235,2.271228937,0.917731185,1.883525473,1.07688237,1.106087822,2.109705518,1.954919407,1.254026434,1.610212775,1.931608409,1.388774101,1.522269908,1.161024382,2.012482327,1.951030888,1.446995434,2.273882109,1.276405668,1.926476296,1.257515687
Text34,0.979539458,1.09247918,0.950783398,1.916242757,1.160261347,1.777153213,1.831972649,1.162063214,2.008749143,1.993040581,2.016705992,1.443409287,2.175391953,1.924353117,1.996721545,1.701112096,1.992607468,1.045117034,1.824331968,1.19159744,1.305130097,1.61388941,0.983102012,1.897738792,2.167816003,2.041997912,1.527372645,1.151596811,0.901522947,2.226373694,2.14769911,2.074571672,0.96510195,1.800408648,1.919420493,1.265490671,1.239003511,1.756899621,1.242393797,0.975743144,1.12417791,1.851885951,1.868626861,1.296178389,1.223425979,0.953849541,1.929384812,1.877624082,1.752036704,2.190196729,1.770068188,1.078066893,1.67463291,1.076507614,1.007007679,1.100651157,1.027252874,1.212843128,1.330453599,1.55498408,2.028433,1.446437228,1.207255664,1.268471713,2.222353301,1.181927181,1.196000083,1.629417878,1.780167788,1.1063372,2.154975552,1.238100278,1.643927241,1.966257276,2.268736865,1.337330399,1.713807862,2.126618215,1.399955952,2.169921789,1.719900922,1.84917238,1.449330302,1.143614908
Text35,1.276704939,0.960805435,0.983416824,1.014771255,1.306897687,1.958986714,1.547996915,1.693551532,1.230304413,1.57121928,1.318850605,1.310466915,1.052985313,1.219396625,1.556478341,2.215956852,1.499179185,1.830443716,2.194532977,1.15842203,2.025079993,1.45545572,1.968560719,1.343629041,2.191989559,1.971220187,1.176688022,1.889474431,1.256509637,2.146769855,1.259218612,2.047999973,1.961610257,1.75904109,2.057516792,1.195890147,1.502697975,1.697526683,2.208450137,2.148472428,1.060179246,1.254506856,1.783934714,2.167187035,1.725573207,1.072847418,1.688178204,1.056649797,1.185798309,1.749765349,2.061370955,0.97215021,1.540150189,0.90389798,1.147426204,1.736342985,1.989583134,1.160257257,1.93016927,1.122333875,1.551547427,1.515837518,1.895949407,1.959673119,1.85225053,1.302929518,1.557056602,0.978619455,2.260463794,2.161031477,0.90347569,1.224856804,0.95732508,1.836548822,1.923980632,1.180613091,1.086552274,1.281678806,1.687607308,2.276598276,1.879313868,1.465951674,1.650379033,1.171333982
Text36,1.155621073,2.283351416,2.083603375,2.239436676,1.516574354,1.540096338,2.156287697,1.564012894,0.963369413,1.918226457,2.219655502,1.56194731,1.333678586,0.976320952,1.308654233,2.130268451,2.102768474,1.289798795,1.461878424,1.394230879,1.437455184,2.296329696,1.361445976,1.406777215,1.131478587,1.516134075,1.098739004,1.452322905,1.208718639,2.029909968,1.59446568,1.372499557,2.280185328,1.820089785,2.29084755,1.668297131,2.147122804,1.773798117,1.178623229,2.013045225,1.072351594,2.198485009,2.288254831,2.076388896,1.780572594,1.839204165,1.873637675,1.0457549,2.048282698,1.111870968,1.780626887,1.754394581,1.153480002,2.291888669,1.192865685,2.155707748,1.60577411,2.294973925,0.983153913,1.071952631,2.111509478,1.276770765,1.561259127,2.215551571,2.275135336,1.737658128,2.212296245,1.691470218,1.43160749,2.240970469,1.208804306,1.733081015,1.220259193,1.820345311,1.191900458,1.996405685,1.525695912,1.471820179,1.788818331,1.383264188,1.620143419,1.734148559,1.751527833,1.699814113
Text37,2.220959901,2.23181117,1.907477917,2.016401834,1.660633941,1.050540918,1.718054171,2.233163497,1.690348702,1.497263869,1.236949887,2.081200515,1.10922894,1.693541953,1.348556831,1.97958815,1.113510544,1.452670092,1.095469959,1.809374321,0.973977793,0.970216675,1.261388906,1.265454846,1.639704017,1.458538129,0.911310617,1.337453424,0.983395501,1.556740022,1.389178625,1.742131984,1.647060185,2.042377658,1.355557547,1.460056584,2.18623753,1.196149062,1.229342292,1.910638719,1.33847253,2.074033907,1.381327557,1.407407113,1.158867117,1.924050634,1.557544159,2.110659559,0.983259518,1.236517029,1.33401872,1.492876025,1.262029475,1.482172621,2.165858396,1.771421507,1.823387683,1.908101108,1.153000642,1.056439316,1.182920126,1.567873144,1.956297236,0.976152394,0.973045046,1.300680397,1.488226297,1.115386593,2.105105405,2.182413769,2.20811285,0.920919993,1.744370434,2.037550216,2.018787301,1.164009247,0.919145212,1.878515476,1.313665963,1.829953277,1.796826098,1.094713143,1.965994432,1.268259263
Text38,1.852334273,1.933236666,1.514452906,1.289366348,0.931736839,1.884788793,1.728698151,0.941966111,2.292797241,2.232458991,2.150197714,1.455330934,2.158605833,1.422543979,1.724933595,1.598119661,1.049559454,1.434785768,2.031247489,1.086012738,1.058879583,1.700652382,1.510058863,1.703364331,0.962622503,1.295165431,1.683266689,2.083764724,2.295445544,1.468641063,1.405406169,0.941864782,1.263529894,1.714286965,1.010890495,2.297011229,2.058310607,2.006534881,1.667457277,1.530558302,1.017006253,1.973628192,2.27063955,1.840469115,1.410857957,2.041124807,1.578965048,2.029732759,2.067656953,1.531532845,1.920071147,0.996092166,1.03150996,1.707482116,1.112180852,1.667865859,1.4593106,1.207233463,1.895209874,1.709031297,1.518309573,1.695687361,2.199073353,2.191074874,2.166389374,0.952919811,2.09579631,2.127217083,2.220655968,1.941661521,2.041457685,1.535193611,0.95984314,1.339208015,1.191232129,2.162776805,1.620492068,1.847632202,1.579439935,1.174840982,1.520101268,1.563850961,1.591621301,1.124840792
Text39,1.54011333,1.112474955,0.955955423,1.972271455,2.220471814,1.486669246,0.943299386,1.612321074,1.05066057,1.942463718,1.991766915,2.215672746,1.984222271,1.653533374,1.30919974,1.252540969,0.995073422,1.642446669,1.030972184,1.692256905,1.960276773,0.915084975,2.293532933,2.002367961,1.368400151,2.066215637,0.938829088,1.134243705,1.286548221,1.670600718,0.905516011,2.12046475,1.262112817,1.125992856,0.903703444,1.817269462,1.536076281,1.91064359,1.126229807,1.62251405,1.606207957,1.315963042,1.590410332,1.256210625,1.785982555,0.909908311,1.844620868,1.768257082,1.065998359,1.219524534,2.211160255,1.760760965,2.239149233,2.179619628,1.87480055,1.030526754,1.921257026,2.259854946,2.200722141,1.867148078,0.922516255,1.25305388,1.889528725,1.175834206,1.223551855,1.724091409,1.27303014,1.791835982,1.823306728,1.126790982,1.294603638,1.646768125,1.76909941,1.962920543,2.189163504,1.142791563,1.672411141,1.811042126,1.548391616,2.125349026,1.143071602,1.291727507,2.149653372,2.007791039
Text40,1.750141557,1.938141133,1.719078837,2.027319316,0.996525456,1.045577119,1.783942745,1.146662836,1.564107396,1.239524365,2.280540006,1.515468295,2.278069068,1.660825295,1.888754086,1.467875732,1.794411662,1.539369795,1.630312745,2.17574284,0.996206351,2.115583783,1.277180346,0.98235461,1.203712382,1.052001491,1.500249004,1.136881013,1.132738394,1.25970502,2.217388123,1.800564089,1.193600984,2.120405484,0.934468419,1.724922047,1.08969827,1.139277334,1.769892805,1.867543321,1.491906632,0.941070685,2.178206201,1.875441461,1.667182462,1.819265667,1.224562375,1.795649073,1.945520592,0.963629522,1.387192737,1.050241429,1.008739731,1.950363458,1.647827699,2.297611567,1.697401865,2.097087991,1.26413393,1.27284154,1.197960303,1.936583733,1.702248868,1.291018292,1.170068403,1.373594222,1.393485027,2.166913094,1.675986805,2.137954848,2.041302884,1.313945423,2.142376241,2.155275931,1.268209742,2.244653788,1.436082888,2.119119605,1.933732134,0.919745367,1.831031321,2.183330207,1.689301128,1.750970265
Text41,1.522134572,1.994798445,1.399667447,1.267974961,2.340296453,1.396825159,1.300447515,1.500230463,1.213858644,1.101127802,1.922582773,1.846911906,1.002210905,1.861989126,1.738230656,1.294179823,2.207547608,1.283147718,0.974536393,1.678825969,1.939134984,1.359154264,1.956909051,1.861534224,1.256110011,1.053242122,1.933498713,0.959116938,1.377086651,1.805488486,1.391831255,1.23422557,1.51337724,1.29410038,1.384821884,1.948062218,1.926248499,1.661844405,2.286898684,1.774419547,2.017280104,2.285992804,2.036611431,1.88338768,2.128930343,1.807050317,1.087404038,2.294805061,1.346280851,1.974148865,1.334629074,1.246728266,2.229716023,1.408667788,1.126495268,1.208250902,1.764229994,1.897920755,1.61005384,1.093895011,0.900979166,1.634786428,1.950295377,1.579029943,1.372546043,2.000657854,1.501497092,1.895283907,1.18380767,2.05733797,1.866631665,1.904820865,2.140937485,1.965485013,2.291028486,0.940216337,0.913553191,1.720097528,2.199100684,1.063242286,1.323388315,1.586986433,2.081378921,1.002920213
Text42,1.254338294,1.968395218,1.464091297,2.26441853,1.761733874,1.100367872,2.047142064,1.974833708,1.644354828,1.180241833,1.155305058,2.265321392,0.973617085,1.648986997,1.811878638,1.0680265,2.245583617,1.186135255,1.215207797,1.977707707,2.132779417,1.494019701,1.355209181,1.753795348,1.343841228,1.007182926,1.926764229,2.2985207,2.21138054,1.456642218,1.536476263,1.017903494,1.694048331,0.982428625,0.973495227,1.67937848,1.485131942,1.078946035,1.105998945,1.577640257,2.231267598,2.038599554,1.990001328,1.395559674,1.082114993,1.948232298,1.678556495,1.632501001,1.10038811,1.990481473,1.921581637,1.77534604,2.048398023,1.037497843,2.204221095,0.905547289,1.752246126,1.589445705,2.121654451,1.042626162,1.563208396,1.98818225,0.997057656,1.960188178,2.263313854,2.195861186,1.236630073,1.389858895,1.629732675,1.498780635,2.08376552,1.12866873,1.544348611,1.693961259,1.051397155,2.299099887,1.105877992,1.634996287,2.007654449,0.941130317,1.977243046,0.931915523,2.186102174,2.275310838
Text43,1.876324977,0.926798969,1.245672286,1.197598791,0.958860017,2.020592146,1.404511103,1.190982317,1.447464309,1.168047719,1.523790642,1.47673864,1.836157904,1.858272032,2.208019572,1.246968631,1.873487226,1.241558779,1.64163873,1.63303772,2.130510388,1.596661701,1.136792721,1.916673012,2.078393792,2.215104311,1.720739762,1.957323113,1.649451716,2.075142285,1.530363132,2.290379582,1.331992363,1.147362292,1.495898085,1.783235332,1.267929482,1.050809422,1.963061842,2.217872591,1.217751707,1.741318355,1.844588911,1.979568423,2.11095157,2.283060832,1.604828203,1.659185222,1.953636806,1.012953706,1.653396979,1.262764965,0.99009624,1.570691947,1.776000406,1.381932222,1.825122301,2.018953801,0.939907911,1.172747775,1.582158701,1.87382857,1.299174624,1.732064974,2.21258071,1.701694441,1.368478093,1.592337793,2.080277647,2.024129547,1.863319644,1.628302981,1.457201112,1.10433355,2.186605658,1.452480149,1.579717265,1.248867733,1.89907888,1.990263675,1.790596558,2.235454288,1.817300642,2.267926733
Text44,1.68938277,1.186510542,2.084061824,1.555451806,1.966926006,1.891308677,2.258688068,1.76998192,0.913160185,0.90864818,1.001179412,2.203012276,0.931271201,0.90089541,0.944866025,1.387095348,1.049625572,1.110851678,1.269047301,1.318866138,1.8245516,1.470635076,1.599736916,0.977306618,1.942000354,2.232895918,1.578508056,1.817266649,1.602347735,2.09394295,2.076796722,1.517100904,2.052125944,1.435016215,2.047206149,1.621477992,1.209922398,1.431947512,1.147631698,1.308197019,2.161655211,0.933366629,1.506801909,2.254025761,1.174006775,1.212841492,1.807425945,2.010843835,1.924168532,2.228155036,1.181232009,1.15763542,0.993731859,1.696569442,1.597280975,2.250108457,1.281927266,1.898580728,2.144987598,2.231802505,2.16336068,1.018271691,1.599651645,1.160551586,1.495640505,1.363515032,1.556210082,1.916110147,1.913007681,2.045996704,1.476411791,2.259648494,2.097436424,1.197162243,0.963843637,1.447168937,2.20679973,1.935265897,1.307289721,1.616161751,2.077403659,1.298384847,1.864325462,1.888147433
Text45,1.466331339,2.160471209,1.215342007,1.584091962,1.724396027,1.542855108,1.908497265,1.243677775,1.475464128,1.490690084,1.728329684,1.496699734,1.438761236,2.06321214,2.162901805,0.952709651,2.028465567,1.862958565,1.488682113,1.702448492,1.262306527,2.275601693,2.208160726,1.619398798,2.227741519,1.078880612,2.161043157,0.919361683,1.268456335,1.214533952,1.241123921,1.046563675,1.016138288,1.170675685,1.505494964,1.171661915,1.455756195,1.59377062,1.323061336,1.614564776,2.017458935,1.102252994,1.360197874,1.16465344,1.941819615,1.680007225,1.102247399,0.932536925,2.268141882,0.937457333,1.128640972,0.903274299,2.149442548,2.20712411,2.174167172,2.235123835,1.439162303,1.248866967,0.941119192,1.952075943,2.16456956,1.008373926,1.108520596,2.0658094,1.836905913,1.377018829,2.275308295,1.757936348,1.312296984,1.952355724,1.776955148,1.476426944,1.300386345,1.242533931,1.622351405,1.204326332,1.329431202,2.209381593,1.278459995,1.522761566,1.541072782,1.195967499,1.059957806,2.195399308
Text46,1.34550569,1.953891116,1.502984758,2.026536653,1.954324473,1.881465384,1.029434995,2.1312069,1.523369521,2.280562519,1.822635524,1.936077032,1.34640817,2.002740179,1.807045939,2.213115029,2.211175199,1.93587565,1.347893889,2.240586492,1.820938476,1.743935083,1.440470672,1.601560042,1.83828883,1.47334589,1.868521986,2.248113019,1.754658932,1.168459832,1.961371264,1.447433883,1.034659313,2.162349889,2.232304385,0.921791853,1.032363641,2.199475402,1.183091058,1.789670708,1.626974878,1.18796863,1.017403451,2.25646938,0.974407659,1.077151252,1.293992513,2.082055656,1.33819164,2.029911541,1.572311554,2.286429473,1.633912027,1.949563586,1.951639027,1.171261843,1.511857779,1.921728575,1.176283333,1.790320853,1.617640682,1.40754963,2.181654071,1.473272531,1.689780719,1.554219488,1.873075699,1.413763807,2.048437185,2.04103033,0.930314052,2.131241977,2.211535603,2.044613376,1.446845446,1.584481694,1.425983493,1.378692513,1.402947681,1.441561366,1.768435461,2.236577318,1.483165325,1.438177689
Text47,2.129117416,2.13791547,1.1254063,1.422266401,1.207638777,2.162124601,1.658448616,1.206947054,0.992070729,1.81203578,1.41675371,1.030744814,1.423052177,1.680899946,2.06124158,1.444536208,1.46554228,2.284577795,0.904321691,1.117332282,1.518933356,1.471004778,2.00094777,1.58238134,1.076254519,2.011636277,1.673464544,1.820517221,0.926713111,1.947160987,1.220228609,1.252801207,2.02020904,1.624807344,2.234855437,1.702728104,1.695268894,1.408766948,1.291902654,2.236328704,1.135321518,1.181615547,1.163698468,2.032879765,1.613756324,1.302162414,2.273602842,1.112574932,1.179221478,2.202334567,2.123238085,1.315701239,1.488323118,1.924628751,1.057760307,1.375907639,1.961571255,1.502147331,1.729143514,0.917119024,2.291725865,1.069696746,1.915755929,2.134979124,2.174338126,1.584059282,1.383202382,2.137641507,1.844788334,1.8507061,1.664395496,1.914828371,1.916195366,1.434364637,1.392307538,1.212802199,1.654992825,2.290406027,1.734522159,2.011984512,1.355412681,1.58484278,1.456717327,2.010695393
Text48,1.851559666,1.436976618,1.271071874,1.128817468,2.095369399,0.957856207,1.562770764,2.30591877,0.904501047,1.406244842,2.026592211,1.582309845,1.622313767,1.239010975,2.18396597,1.377275653,1.800102564,1.423336902,1.339727152,2.056113724,2.020043811,1.883877154,2.136719169,2.121732749,1.712034976,1.050898215,2.19600188,1.976760954,1.737329958,1.817545735,1.676881817,1.06852324,1.0023678,1.965713798,2.016506326,1.076081936,1.774937614,1.622722217,2.066454115,2.090405538,1.890172797,1.890284524,2.237159643,1.819365678,1.608770663,1.959921452,2.123616582,2.169684208,1.801024943,1.689102018,1.646492452,0.91439122,1.166734341,2.090536825,1.630083697,0.949212181,1.145268781,1.006441265,2.248018522,2.075825805,1.875018342,2.138388661,1.75543009,2.233259418,1.647202338,1.428096246,0.979606757,2.252104138,1.043602227,1.616150295,2.057469433,1.76446666,1.418426701,1.256573412,2.214733658,1.763009027,0.962491431,1.399365417,2.088969982,1.09555073,2.098666516,1.480659702,2.228691476,0.929460577
Text49,1.910160123,1.95078196,1.496695838,1.705024307,1.659458215,2.156371482,1.04767053,1.92181308,1.510530446,1.962087158,1.194531083,1.439393161,0.949914639,1.133474531,1.573149897,1.382169897,2.192827824,1.239737229,2.273689929,1.29954558,0.930535207,1.212793952,1.282877105,1.419469732,0.992976621,1.106354815,2.255119222,0.947429532,2.079943825,1.692047687,1.066329848,1.042205001,1.970459552,1.704026998,1.123670621,0.99522208,1.034629751,0.969171158,1.469241251,1.496356472,1.580105119,0.953187112,1.095542204,2.292035709,1.64555571,1.012266989,1.885097223,1.986871461,1.225166577,2.014183238,1.061848676,1.382799246,1.958216537,2.224515235,1.664652364,2.070484825,0.969001838,1.035846571,0.96094007,1.868540533,1.171809633,1.328668863,0.984749171,2.228767094,1.970125444,1.703667489,1.510557814,1.192034735,2.226833704,2.008317761,1.953291794,1.377443834,1.749443326,1.017542712,0.97006596,1.454039322,1.096880006,1.186130446,1.084745439,1.970738346,2.094216394,2.146020098,1.798515315,1.266944586
Text50,1.850921581,1.525462709,1.87481722,1.029010011,1.361033724,1.71610788,1.80358718,1.199678946,1.741322226,1.687917179,1.381583149,1.336638227,1.073252154,1.420357418,2.246238282,1.426379726,1.985159438,0.98994337,1.595747025,1.566596815,2.258029817,1.33835564,1.975366237,1.869258677,1.344493554,1.67261288,1.016538846,1.453439252,1.138624318,1.474927537,2.28443079,1.931714355,1.633629692,2.130043436,2.130400083,1.698414347,1.392198133,1.507137814,2.197115004,1.495184779,2.132083117,1.6137946,1.219940769,1.13670568,2.237702669,1.496399595,1.681803434,1.690178456,2.115861895,1.693811223,1.440707391,2.136972975,1.273437707,2.124998434,0.961360773,1.075687841,1.625065257,1.338380324,1.841433417,1.606404547,0.951480939,1.196309236,1.563403735,1.265223496,2.20592346,0.946636119,1.172045316,2.004951014,1.533733428,1.647502993,1.145566863,1.030703681,2.183524639,1.420455043,1.353354936,1.243753539,1.835020931,1.200364563,2.021865086,2.139937401,1.868349841,0.928997154,1.639397097,0.914782766
Text51,1.898828929,1.770223656,0.931308282,2.013648251,1.785505492,1.347248268,1.953357261,1.811069321,2.085401724,1.264997622,1.307060644,1.095429561,1.114790509,1.66412104,1.874501014,2.198292739,1.763367584,1.375910089,1.806583157,1.799403594,1.074627568,1.04291495,2.054362062,2.296666773,1.034633866,1.475238283,1.982989182,1.574253345,1.714035972,2.020825331,1.24603269,1.904655373,2.290858213,1.185210856,1.738051064,2.024491224,2.140311298,1.347290918,1.579187156,2.228326959,1.25604636,1.358739781,1.410064818,2.235387431,1.601176169,1.545622724,1.593392339,1.512374379,1.300312213,2.107451657,2.201684147,1.999209797,1.459336796,1.354395957,1.836816207,1.105543942,1.597773664,1.24914521,2.005006548,2.116763226,1.796846956,1.269958797,1.746081928,0.919983188,1.072772881,2.252576669,1.296143095,1.360570044,1.307381419,1.210305799,1.860669996,1.94913496,1.841828844,1.530989984,1.865410249,1.944494185,2.28591314,0.943760875,1.244596503,2.107169346,2.191577551,1.833141996,1.857959485,2.265649275
Text52,1.631047087,1.180952708,1.115679044,1.049000162,1.789906158,1.194415589,1.250960042,1.697098414,1.785134846,2.174372992,1.658168076,1.485037018,2.00784352,0.989062072,1.533445353,1.002927265,1.915106732,1.366989143,1.011839936,2.1882516,1.371765333,1.164630354,1.85519546,2.018385367,2.240905972,1.003390002,2.110128235,1.069791929,1.937832257,1.289003485,2.004970931,1.853465397,1.160392328,1.629678856,1.318147238,1.656119937,1.139464098,1.647112771,1.084817968,1.274298747,1.220927151,1.414340372,1.668037026,1.925998718,2.230883116,1.694924637,1.372429865,1.048334292,0.918025248,1.854661849,1.035753002,1.934871292,1.61525551,1.514779359,2.272771983,1.609099962,1.629381154,1.35778466,1.273415455,2.256967779,1.796079537,1.538277891,1.672035119,2.050628216,1.290408314,1.982440953,1.444171859,1.467620245,1.92054066,1.339962394,1.569021521,1.050322839,2.004697316,0.983283302,1.734817674,1.554194376,1.181326135,0.923620488,1.37665204,2.11407653,1.591798749,1.982797926,1.679253728,1.71572593
Text53,1.800461275,1.405914328,1.962983381,1.812561924,1.961961582,2.035939054,1.008700728,1.806660692,1.266240281,1.704372294,1.350102723,2.093645584,2.006969721,1.257368799,2.063189819,0.935301544,1.661218803,1.504993133,1.499251693,1.715783653,1.164398678,2.270281033,2.192043752,1.601442819,1.260931768,1.185339374,1.368724519,1.259163968,1.342341478,1.785958318,2.296118923,2.130066611,1.269727115,1.11534203,1.286742424,2.18098873,1.261100738,1.370660569,2.16756567,1.394274335,1.248361883,1.518739082,2.121249337,1.097477841,1.130952988,1.740545139,2.238644602,1.740145931,2.185553341,0.97940363,2.123568795,1.31920574,1.830811092,1.939271103,1.784600759,1.275907325,1.953441127,1.70034158,1.352146516,1.270257125,1.184578506,1.309621811,1.992359656,1.460424563,1.562718111,1.271530062,1.83357957,1.461530351,1.834389033,1.240166999,1.105359788,1.090308554,1.885157649,1.900375432,1.723020289,1.385988602,1.47544145,1.697605767,2.152604858,2.171504048,1.208246217,1.311526956,2.019360709,1.975838462
Text54,1.092201745,0.952888051,2.188744833,1.867413237,0.948852507,0.906314057,1.655808882,1.845876722,1.865565431,1.5688406,0.982571087,0.984311546,1.626022423,1.960117093,1.748218944,1.698980442,1.201177145,1.83589079,1.086669147,1.268099554,2.278390095,1.356189151,0.94141174,1.159279789,1.543030428,1.807000992,2.166578789,2.185178648,1.373276419,1.145128932,1.087208618,1.422925435,1.495565,2.049000192,2.279796801,0.970712667,1.426082852,1.876614635,1.510416712,1.84291224,1.425097538,1.29072815,1.363205982,1.493439949,1.073714171,1.112013703,2.068995162,1.227388291,2.113490266,1.261255195,1.665887487,2.192826019,1.717893637,1.012846699,1.390253335,2.010736389,1.222461791,2.208072692,1.78635478,1.103308594,1.414700817,1.844522792,2.201947816,1.687997255,1.349398626,1.306039806,2.039873494,1.914761203,1.379541489,1.000931637,1.606592165,2.204315515,1.874484866,1.96444864,1.058910295,1.255411452,1.93173593,1.283816559,1.975387698,0.905060186,2.10449978,1.872112757,1.733622953,1.981914999
Text55,1.333446808,0.968963496,1.818642191,1.154679275,2.106998312,1.21381,1.232515324,1.446020829,1.445012292,1.30883527,0.935080377,1.703628997,1.057198304,1.392584005,2.29162406,1.387009351,1.185306428,1.602695783,1.497166638,1.870631343,1.338610634,1.596970915,1.682061336,1.13812546,1.253114713,2.29404626,1.879945835,1.109543408,1.626265453,2.242696914,1.127343744,1.75604893,2.20670842,1.244406067,1.775309053,1.974012653,1.23955454,1.850042962,1.076282415,1.296759809,1.683560957,1.1510642,1.203676802,1.570569837,1.513407749,1.193443879,1.919723616,1.722571275,1.527393587,1.029157892,2.250279043,1.25809385,2.240415599,1.933964379,0.951374338,1.144815398,1.30939453,1.082247383,1.449851622,2.107393083,1.130050544,1.940400127,2.127444841,1.310437496,1.588150096,1.626167828,2.018705446,1.070910294,0.903189002,2.261523042,0.926426436,1.979141217,1.780809735,1.303713869,1.76675275,1.273562961,1.970769702,2.063806454,1.799030703,1.138609316,2.288099811,1.510214757,1.778294822,1.372340585
